{
    "Low Risk": {
        "precision": 0.561877667140825,
        "recall": 0.553,
        "f1-score": 0.5574034875516581,
        "support": 15000.0
    },
    "High Risk": {
        "precision": 0.5599527466036621,
        "recall": 0.5688,
        "f1-score": 0.5643417005655323,
        "support": 15000.0
    },
    "accuracy": 0.5609,
    "macro avg": {
        "precision": 0.5609152068722436,
        "recall": 0.5609,
        "f1-score": 0.5608725940585952,
        "support": 30000.0
    },
    "weighted avg": {
        "precision": 0.5609152068722435,
        "recall": 0.5609,
        "f1-score": 0.5608725940585951,
        "support": 30000.0
    }
}