{
    "Low Risk": {
        "precision": 0.8031073834731197,
        "recall": 0.9732566858285429,
        "f1-score": 0.8800331462578628,
        "support": 12003.0
    },
    "High Risk": {
        "precision": 0.29295154185022027,
        "recall": 0.04437771104437771,
        "f1-score": 0.07707910750507099,
        "support": 2997.0
    },
    "accuracy": 0.7876666666666666,
    "macro avg": {
        "precision": 0.54802946266167,
        "recall": 0.5088171984364602,
        "f1-score": 0.47855612688146687,
        "support": 15000.0
    },
    "weighted avg": {
        "precision": 0.7011782463168644,
        "recall": 0.7876666666666666,
        "f1-score": 0.719602929315055,
        "support": 15000.0
    }
}