{
    "Low Risk": {
        "precision": 0.6564885496183206,
        "recall": 0.4013333333333333,
        "f1-score": 0.49813818783616054,
        "support": 1500.0
    },
    "High Risk": {
        "precision": 0.5688910225636101,
        "recall": 0.79,
        "f1-score": 0.6614568797097404,
        "support": 1500.0
    },
    "accuracy": 0.5956666666666667,
    "macro avg": {
        "precision": 0.6126897860909654,
        "recall": 0.5956666666666667,
        "f1-score": 0.5797975337729505,
        "support": 3000.0
    },
    "weighted avg": {
        "precision": 0.6126897860909652,
        "recall": 0.5956666666666667,
        "f1-score": 0.5797975337729505,
        "support": 3000.0
    }
}