{
    "Low Risk": {
        "precision": 0.6256691739513451,
        "recall": 0.6155333333333334,
        "f1-score": 0.6205598682662903,
        "support": 15000.0
    },
    "High Risk": {
        "precision": 0.6216624024142229,
        "recall": 0.6317333333333334,
        "f1-score": 0.6266574083258936,
        "support": 15000.0
    },
    "accuracy": 0.6236333333333334,
    "macro avg": {
        "precision": 0.6236657881827841,
        "recall": 0.6236333333333334,
        "f1-score": 0.6236086382960919,
        "support": 30000.0
    },
    "weighted avg": {
        "precision": 0.6236657881827841,
        "recall": 0.6236333333333334,
        "f1-score": 0.6236086382960919,
        "support": 30000.0
    }
}