{
    "Low Risk": {
        "precision": 0.6644254278728606,
        "recall": 0.28986666666666666,
        "f1-score": 0.40363906424062385,
        "support": 7500.0
    },
    "High Risk": {
        "precision": 0.5458731241473397,
        "recall": 0.8536,
        "f1-score": 0.665903890160183,
        "support": 7500.0
    },
    "accuracy": 0.5717333333333333,
    "macro avg": {
        "precision": 0.6051492760101002,
        "recall": 0.5717333333333333,
        "f1-score": 0.5347714772004034,
        "support": 15000.0
    },
    "weighted avg": {
        "precision": 0.6051492760101,
        "recall": 0.5717333333333333,
        "f1-score": 0.5347714772004034,
        "support": 15000.0
    }
}