{
    "Low Risk": {
        "precision": 0.9020100502512562,
        "recall": 0.030958951362538806,
        "f1-score": 0.05986326496581624,
        "support": 11596.0
    },
    "High Risk": {
        "precision": 0.18525232018561485,
        "recall": 0.9849653045489591,
        "f1-score": 0.3118515806176004,
        "support": 2594.0
    },
    "accuracy": 0.20535588442565186,
    "macro avg": {
        "precision": 0.5436311852184356,
        "recall": 0.507962127955749,
        "f1-score": 0.1858574227917083,
        "support": 14190.0
    },
    "weighted avg": {
        "precision": 0.7709833024154371,
        "recall": 0.20535588442565186,
        "f1-score": 0.1059279366219634,
        "support": 14190.0
    }
}