{
    "Low Risk": {
        "precision": 0.621313672922252,
        "recall": 0.618,
        "f1-score": 0.6196524064171123,
        "support": 7500.0
    },
    "High Risk": {
        "precision": 0.620026525198939,
        "recall": 0.6233333333333333,
        "f1-score": 0.6216755319148937,
        "support": 7500.0
    },
    "accuracy": 0.6206666666666667,
    "macro avg": {
        "precision": 0.6206700990605956,
        "recall": 0.6206666666666667,
        "f1-score": 0.620663969166003,
        "support": 15000.0
    },
    "weighted avg": {
        "precision": 0.6206700990605956,
        "recall": 0.6206666666666667,
        "f1-score": 0.6206639691660031,
        "support": 15000.0
    }
}