{
    "Low Risk": {
        "precision": 0.5426836823194152,
        "recall": 0.584,
        "f1-score": 0.56258429131077,
        "support": 7500.0
    },
    "High Risk": {
        "precision": 0.549718574108818,
        "recall": 0.5078666666666667,
        "f1-score": 0.5279645159054681,
        "support": 7500.0
    },
    "accuracy": 0.5459333333333334,
    "macro avg": {
        "precision": 0.5462011282141166,
        "recall": 0.5459333333333334,
        "f1-score": 0.5452744036081191,
        "support": 15000.0
    },
    "weighted avg": {
        "precision": 0.5462011282141165,
        "recall": 0.5459333333333334,
        "f1-score": 0.5452744036081191,
        "support": 15000.0
    }
}