{
    "Low Risk": {
        "precision": 0.6123167981961668,
        "recall": 0.5793333333333334,
        "f1-score": 0.5953685941353796,
        "support": 7500.0
    },
    "High Risk": {
        "precision": 0.600835020242915,
        "recall": 0.6332,
        "f1-score": 0.616593092703194,
        "support": 7500.0
    },
    "accuracy": 0.6062666666666666,
    "macro avg": {
        "precision": 0.6065759092195409,
        "recall": 0.6062666666666667,
        "f1-score": 0.6059808434192868,
        "support": 15000.0
    },
    "weighted avg": {
        "precision": 0.606575909219541,
        "recall": 0.6062666666666666,
        "f1-score": 0.6059808434192867,
        "support": 15000.0
    }
}