{
    "Low Risk": {
        "precision": 0.5420653659748975,
        "recall": 0.5816,
        "f1-score": 0.5611371968868591,
        "support": 7500.0
    },
    "High Risk": {
        "precision": 0.5486840212857759,
        "recall": 0.5086666666666667,
        "f1-score": 0.5279180792914966,
        "support": 7500.0
    },
    "accuracy": 0.5451333333333334,
    "macro avg": {
        "precision": 0.5453746936303367,
        "recall": 0.5451333333333334,
        "f1-score": 0.5445276380891779,
        "support": 15000.0
    },
    "weighted avg": {
        "precision": 0.5453746936303367,
        "recall": 0.5451333333333334,
        "f1-score": 0.5445276380891778,
        "support": 15000.0
    }
}