{
    "Low Risk": {
        "precision": 0.6007604562737643,
        "recall": 0.632,
        "f1-score": 0.6159844054580896,
        "support": 1500.0
    },
    "High Risk": {
        "precision": 0.6118143459915611,
        "recall": 0.58,
        "f1-score": 0.5954825462012321,
        "support": 1500.0
    },
    "accuracy": 0.606,
    "macro avg": {
        "precision": 0.6062874011326627,
        "recall": 0.606,
        "f1-score": 0.6057334758296609,
        "support": 3000.0
    },
    "weighted avg": {
        "precision": 0.6062874011326628,
        "recall": 0.606,
        "f1-score": 0.605733475829661,
        "support": 3000.0
    }
}