{
    "Low Risk": {
        "precision": 0.572463768115942,
        "recall": 0.21066666666666667,
        "f1-score": 0.3079922027290448,
        "support": 1500.0
    },
    "High Risk": {
        "precision": 0.5163398692810458,
        "recall": 0.8426666666666667,
        "f1-score": 0.6403242147923,
        "support": 1500.0
    },
    "accuracy": 0.5266666666666666,
    "macro avg": {
        "precision": 0.5444018186984939,
        "recall": 0.5266666666666666,
        "f1-score": 0.4741582087606724,
        "support": 3000.0
    },
    "weighted avg": {
        "precision": 0.5444018186984939,
        "recall": 0.5266666666666666,
        "f1-score": 0.4741582087606724,
        "support": 3000.0
    }
}