{
    "Low Risk": {
        "precision": 0.6392341283170977,
        "recall": 0.6343333333333333,
        "f1-score": 0.6367743014890413,
        "support": 15000.0
    },
    "High Risk": {
        "precision": 0.6371154482302349,
        "recall": 0.642,
        "f1-score": 0.6395483978084011,
        "support": 15000.0
    },
    "accuracy": 0.6381666666666667,
    "macro avg": {
        "precision": 0.6381747882736664,
        "recall": 0.6381666666666667,
        "f1-score": 0.6381613496487213,
        "support": 30000.0
    },
    "weighted avg": {
        "precision": 0.6381747882736662,
        "recall": 0.6381666666666667,
        "f1-score": 0.6381613496487212,
        "support": 30000.0
    }
}