{
    "Low Risk": {
        "precision": 0.6374709976798144,
        "recall": 0.5861333333333333,
        "f1-score": 0.6107252014448458,
        "support": 7500.0
    },
    "High Risk": {
        "precision": 0.6169792694965449,
        "recall": 0.6666666666666666,
        "f1-score": 0.6408613176108691,
        "support": 7500.0
    },
    "accuracy": 0.6264,
    "macro avg": {
        "precision": 0.6272251335881797,
        "recall": 0.6264,
        "f1-score": 0.6257932595278575,
        "support": 15000.0
    },
    "weighted avg": {
        "precision": 0.6272251335881796,
        "recall": 0.6264,
        "f1-score": 0.6257932595278575,
        "support": 15000.0
    }
}