{
    "C": [
        0.01,
        0.1,
        1.0,
        10.0
    ],
    "accuracies": [
        0.62413,
        0.62453,
        0.6248,
        0.6248
    ]
}